doc_id,trail_date,litigant_name,litigant_type,case_reason, status, 备注,url
14ea781c-0515-4565-a916-a82600f9f142,2017.7.17 0:00, 山河智能装备股份有限公司诉礼县惠农实业开发有限公司, , , E, 页面为空没有相关数据仅只显示的字样为以调解方式结案,http://192.168.31.22:3333/api/law/judgedoc/detail/html?docId=14ea781c-0515-4565-a916-a82600f9f142&trailDate=2017-07-17
18a8bf86-4509-4841-ba8c-a85801141a50,2017.12.21 0:00, 四川菜根香酒业有限公司, , , E, 页面为空没有相关数据仅只显示的字样为人民法院认为不宜在互联网公布的其他情形,http://192.168.31.22:3333/api/law/judgedoc/detail/html?docId=18a8bf86-4509-4841-ba8c-a85801141a50&trailDate=2017-12-21
b7845736-466a-47fa-a32c-a81a0113c3ed,2017.9.18 0:00, 李矛诉翟军权, , , E, 页面为空没有相关数据仅只显示的字样为以调解方式结案,http://192.168.31.22:3333/api/law/judgedoc/detail/html?docId=b7845736-466a-47fa-a32c-a81a0113c3ed&trailDate=2017-09-18
0505c187-1bae-40b2-865e-a7ec0074910c,2017.7.24 0:00, 深圳瑞和建筑装饰股份有限公司昆明分公司, 被告, 建设工程施工合同纠纷, S, "update judgedoc_litigant set litigant_type = '被告' litigant_type_alias = '2' where doc_id = '0505c187-1bae-40b2-865e-a7ec0074910c' and litigant_name='深圳瑞和建筑装饰股份有限公司昆明分公司';",http://192.168.31.22:3333/api/law/judgedoc/detail/html?docId=0505c187-1bae-40b2-865e-a7ec0074910c&trailDate=2017-07-24
0b793054-dd96-4f22-aec6-a75300fd436e,2017.4.7 0:00, 中国农业银行股份有限公司沁阳市支行, 原告, , S, "update judgedoc_litigant set litigant_type = '原告' litigant_type_alias = '1' where doc_id = '0b793054-dd96-4f22-aec6-a75300fd436e' and litigant_name='中国农业银行股份有限公司沁阳市支行';",http://192.168.31.22:3333/api/law/judgedoc/detail/html?docId=0b793054-dd96-4f22-aec6-a75300fd436e&trailDate=2017-04-07
13d2352a-029b-4809-8141-a7ee008eab77,2017.4.19 0:00, 上汽通用汽车金融有限责任公司, , , E, 页面为空没有相关数据仅只显示的字样为人民法院认为不宜在互联网公布的其他情形,http://192.168.31.22:3333/api/law/judgedoc/detail/html?docId=13d2352a-029b-4809-8141-a7ee008eab77&trailDate=2017-04-19
5807a91d-90b4-402d-9be3-a7db010be58f,2017.6.16 0:00, 基德儿童用品贸易（上海）有限公司, 原告, 劳动合同纠纷, S, "update judgedoc_litigant set litigant_type = '原告' litigant_type_alias = '1' where doc_id = '5807a91d-90b4-402d-9be3-a7db010be58f' and litigant_name='基德儿童用品贸易（上海）有限公司';",http://192.168.31.22:3333/api/law/judgedoc/detail/html?docId=5807a91d-90b4-402d-9be3-a7db010be58f&trailDate=2017-06-16
058a9d8c-e141-40a3-96de-a80f00c1d8be,2017.8.24 0:00, 四川巴蜀春园林绿化工程有限公司, , , E, 页面为空没有相关数据仅只显示的字样为以调解方式结案,http://192.168.31.22:3333/api/law/judgedoc/detail/html?docId=058a9d8c-e141-40a3-96de-a80f00c1d8be&trailDate=2017-08-24
51490436-0d5d-4cba-abb6-a7c400f6a4e3,2017.7.25 0:00, 中国人民财产保险股份有限公司顺德分公司, , , E, 页面显示错误错误提示为TypeError:',http://192.168.31.22:3333/api/law/judgedoc/detail/html?docId=51490436-0d5d-4cba-abb6-a7c400f6a4e3&trailDate=2017-07-25
67d7e191-45e0-40b6-b2f6-a7f3010fceb5,2017.6.26 0:00, 中华联合财产保险股份有限公司嘉陵支公司, , , E, 页面为空没有相关数据仅只显示的字样为以调解方式结案,http://192.168.31.22:3333/api/law/judgedoc/detail/html?docId=67d7e191-45e0-40b6-b2f6-a7f3010fceb5&trailDate=2017-06-26
67d7e191-45e0-40b6-b2f6-a7f3010fceb5,2017.6.26 0:00, 南充平安运业有限公司, , , E, 页面为空没有相关数据仅只显示的字样为以调解方式结案,http://192.168.31.22:3333/api/law/judgedoc/detail/html?docId=67d7e191-45e0-40b6-b2f6-a7f3010fceb5&trailDate=2017-06-26
3410df51-62e9-45ca-ad08-a74e01084517,2017.3.22 0:00, 四川新安达交通设施有限公司, , , E, 页面为空没有相关数据仅只显示的字样为以调解方式结案,http://192.168.31.22:3333/api/law/judgedoc/detail/html?docId=3410df51-62e9-45ca-ad08-a74e01084517&trailDate=2017-03-22
7d2f4f68-9e57-4950-a9d0-a80f011ee157,2017.8.2 0:00, 中信银行股份有限公司杭州分行, , , E, 页面为空没有相关数据仅只显示的字样为以调解方式结案,http://192.168.31.22:3333/api/law/judgedoc/detail/html?docId=7d2f4f68-9e57-4950-a9d0-a80f011ee157&trailDate=2017-08-02
8acc8a09-4858-45b4-a0ff-a7f5011fc8b8,2017.6.20 0:00, 内江门德医院, , , E, 页面为空没有相关数据仅只显示的字样为以调解方式结案,http://192.168.31.22:3333/api/law/judgedoc/detail/html?docId=8acc8a09-4858-45b4-a0ff-a7f5011fc8b8&trailDate=2017-06-20
1f3bd378-ee3c-4b2f-a8fe-a84f01151c0c,2017.7.3 0:00, 中国大地财产保险股份有限公司楚雄中心支公司, , , E, 页面为空没有相关数据仅只显示的字样为以调解方式结案,http://192.168.31.22:3333/api/law/judgedoc/detail/html?docId=1f3bd378-ee3c-4b2f-a8fe-a84f01151c0c&trailDate=2017-07-03
40224ceb-9d15-40bb-8a98-a7f200bfdc59,2017.9.14 0:00, 重庆宝狮置业有限公司, , , E, 页面为空没有相关数据仅只显示的字样为以调解方式结案,http://192.168.31.22:3333/api/law/judgedoc/detail/html?docId=40224ceb-9d15-40bb-8a98-a7f200bfdc59&trailDate=2017-09-14
40224ceb-9d15-40bb-8a98-a7f200bfdc59,2017.9.14 0:00, 重庆巴洲建设（集团）有限公司, , , E, 页面为空没有相关数据仅只显示的字样为以调解方式结案,http://192.168.31.22:3333/api/law/judgedoc/detail/html?docId=40224ceb-9d15-40bb-8a98-a7f200bfdc59&trailDate=2017-09-14
40224ceb-9d15-40bb-8a98-a7f200bfdc59,2017.9.14 0:00, 湖北远景防水有限公司西南分公司, , , E, 页面为空没有相关数据仅只显示的字样为以调解方式结案,http://192.168.31.22:3333/api/law/judgedoc/detail/html?docId=40224ceb-9d15-40bb-8a98-a7f200bfdc59&trailDate=2017-09-14
b79f2c54-58ee-4d80-a84f-a7ee0124c4d4,2017.3.30 0:00, 成都市金牛区人民法院, , , E, 页面为空没有相关数据仅只显示的字样为人民法院认为不宜在互联网公布的其他情形,http://192.168.31.22:3333/api/law/judgedoc/detail/html?docId=b79f2c54-58ee-4d80-a84f-a7ee0124c4d4&trailDate=2017-03-30
d132f6ba-eac3-44d1-a58c-a7fd00a4b0fb,2017.8.28 0:00, 宣城市顺驰汽车运输有限公司, , , E, 页面为空没有相关数据仅只显示的字样为以调解方式结案,http://192.168.31.22:3333/api/law/judgedoc/detail/html?docId=d132f6ba-eac3-44d1-a58c-a7fd00a4b0fb&trailDate=2017-08-28
d132f6ba-eac3-44d1-a58c-a7fd00a4b0fb,2017.8.28 0:00, 中国平安财产保险股份有限公司宣城中心支公司, , , E, 页面为空没有相关数据仅只显示的字样为以调解方式结案,http://192.168.31.22:3333/api/law/judgedoc/detail/html?docId=d132f6ba-eac3-44d1-a58c-a7fd00a4b0fb&trailDate=2017-08-28
cdfa0b7c-8988-43c1-8e39-a7d300a7aa24,2017.6.5 0:00, 汉中鑫海玻璃集团有限公司, , , E, 页面为空没有相关数据仅只显示的字样为以调解方式结案,http://192.168.31.22:3333/api/law/judgedoc/detail/html?docId=cdfa0b7c-8988-43c1-8e39-a7d300a7aa24&trailDate=2017-06-05
973239a1-799f-4d18-8e0a-a7ee01066fe6,2017.8.3 0:00, 成都盛邦信息技术有限公司, , , E, 页面为空没有相关数据仅只显示的字样为人民法院认为不宜在互联网公布的其他情形,http://192.168.31.22:3333/api/law/judgedoc/detail/html?docId=973239a1-799f-4d18-8e0a-a7ee01066fe6&trailDate=2017-08-03
07ef1d6a-506f-4cca-b3fa-a7f3009d6b10,2017.5.23 0:00, 丽水凯瑞融资性担保有限公司, , , E, 页面为空没有相关数据仅只显示的字样为人民法院认为不宜在互联网公布的其他情形,http://192.168.31.22:3333/api/law/judgedoc/detail/html?docId=07ef1d6a-506f-4cca-b3fa-a7f3009d6b10&trailDate=2017-05-23
a9289cd9-e4dd-4c2e-ae9e-a7e000a34197,2017.8.22 0:00, 中国建设银行股份有限公司株洲市支行, 原告, , S, "update judgedoc_litigant set litigant_type = '原告' litigant_type_alias = '1' where doc_id = 'a9289cd9-e4dd-4c2e-ae9e-a7e000a34197' and litigant_name='中国建设银行股份有限公司株洲市支行';",http://192.168.31.22:3333/api/law/judgedoc/detail/html?docId=a9289cd9-e4dd-4c2e-ae9e-a7e000a34197&trailDate=2017-08-22
5184d91d-94e8-474f-8b47-a84e00fe70bf,2017.9.26 0:00, 锦州滨海新区（锦州经济技术开发区）杏山街道办事处, , , E, 页面为空没有相关数据仅只显示的字样为确认人民调解协议效力的,http://192.168.31.22:3333/api/law/judgedoc/detail/html?docId=5184d91d-94e8-474f-8b47-a84e00fe70bf&trailDate=2017-09-26
1640e516-98f2-47a4-bbe4-a7fc0142b8d2,2017.1.12 0:00, 广州市恒隆房地产投资有限公司, 被告, , S, "update judgedoc_litigant set litigant_type = '被告' litigant_type_alias = '2' where doc_id = '1640e516-98f2-47a4-bbe4-a7fc0142b8d2' and litigant_name='广州市恒隆房地产投资有限公司';",http://192.168.31.22:3333/api/law/judgedoc/detail/html?docId=1640e516-98f2-47a4-bbe4-a7fc0142b8d2&trailDate=2017-01-12
f8ee22d7-38a1-4252-8ed4-a84f00a4d2c1,2017.10.12 0:00, 中江县人民法院, , , E, 页面为空没有相关数据仅只显示的字样为以调解方式结案,http://192.168.31.22:3333/api/law/judgedoc/detail/html?docId=f8ee22d7-38a1-4252-8ed4-a84f00a4d2c1&trailDate=2017-10-12
71735006-e2c5-43c1-8e48-a81101216a99,2017.10.5 0:00, 长沙银行股份有限公司株洲芦淞支行, , , E, 页面为空没有相关数据仅只显示的字样为确认人民调解协议效力的,http://192.168.31.22:3333/api/law/judgedoc/detail/html?docId=71735006-e2c5-43c1-8e48-a81101216a99&trailDate=2017-10-05
d3dd57df-c249-4291-a148-a80f011ea7d9,2017.4.28 0:00, 温州市华昌房地产开发有限公司, , , E, 页面为空没有相关数据仅只显示的字样为以调解方式结案,http://192.168.31.22:3333/api/law/judgedoc/detail/html?docId=d3dd57df-c249-4291-a148-a80f011ea7d9&trailDate=2017-04-28
d3dd57df-c249-4291-a148-a80f011ea7d9,2017.4.28 0:00, 瑞安市安固物业服务有限公司, , , E, 页面为空没有相关数据仅只显示的字样为以调解方式结案,http://192.168.31.22:3333/api/law/judgedoc/detail/html?docId=d3dd57df-c249-4291-a148-a80f011ea7d9&trailDate=2017-04-28
25093620-8cf8-4678-b330-a815011090ef,2017.8.24 0:00, 登封市告成镇豹沟村村民委员会, 原告, 合同纠纷, S, "update judgedoc_litigant set litigant_type = '原告' litigant_type_alias = '1' where doc_id = '25093620-8cf8-4678-b330-a815011090ef' and litigant_name='登封市告成镇豹沟村村民委员会';",http://192.168.31.22:3333/api/law/judgedoc/detail/html?docId=25093620-8cf8-4678-b330-a815011090ef&trailDate=2017-08-24
3f6b6171-a229-4876-8766-a7f800e5e767,2017.9.20 0:00, 四川雅卓房地产经纪有限责任公司, , , E, 页面为空没有相关数据仅只显示的字样为以调解方式结案,http://192.168.31.22:3333/api/law/judgedoc/detail/html?docId=3f6b6171-a229-4876-8766-a7f800e5e767&trailDate=2017-09-20
24f99def-4ba6-4e8d-81fc-a84400c9348a,2017.9.26 0:00, 昌吉市飞马财富商贸有限责任公司, , , E, 页面为空没有相关数据仅只显示的字样为确认人民调解协议效力的,http://192.168.31.22:3333/api/law/judgedoc/detail/html?docId=24f99def-4ba6-4e8d-81fc-a84400c9348a&trailDate=2017-09-26
24f99def-4ba6-4e8d-81fc-a84400c9348a,2017.9.26 0:00, 乌鲁木齐川渝风云商贸有限公司, , , E, 页面为空没有相关数据仅只显示的字样为确认人民调解协议效力的,http://192.168.31.22:3333/api/law/judgedoc/detail/html?docId=24f99def-4ba6-4e8d-81fc-a84400c9348a&trailDate=2017-09-26
43bc1fd6-3e2b-4cc4-b49e-a816010edb60,2017.4.18 0:00, 王玫贺娜, , , E, 页面为空没有相关数据仅只显示的字样为以调解方式结案,http://192.168.31.22:3333/api/law/judgedoc/detail/html?docId=43bc1fd6-3e2b-4cc4-b49e-a816010edb60&trailDate=2017-04-18
776a556b-d517-4174-b39b-a84f00ca57fc,2017.11.30 0:00, 平凉市崆峒区人民法院, , , E, 查看litigant_nam为“申请执行人与需求不符',http://192.168.31.22:3333/api/law/judgedoc/detail/html?docId=776a556b-d517-4174-b39b-a84f00ca57fc&trailDate=2017-11-30
9ec1a885-6747-4da2-9969-a7f300b183e1,2017.8.4 0:00, 浙江仁者科技股份有限公司, , , E, 页面为空没有相关数据仅只显示的字样为以调解方式结案,http://192.168.31.22:3333/api/law/judgedoc/detail/html?docId=9ec1a885-6747-4da2-9969-a7f300b183e1&trailDate=2017-08-04
9ec1a885-6747-4da2-9969-a7f300b183e1,2017.8.4 0:00, 金华家家棒包装有限公司, , , E, 页面为空没有相关数据仅只显示的字样为以调解方式结案,http://192.168.31.22:3333/api/law/judgedoc/detail/html?docId=9ec1a885-6747-4da2-9969-a7f300b183e1&trailDate=2017-08-04
6fd7f12a-ef14-421a-a00c-a754000de966,2017.4.11 0:00, 北京家捷送电子商务有限公司, 原告, 劳动争议, S, "update judgedoc_litigant set litigant_type = '原告' litigant_type_alias = '1' where doc_id = '6fd7f12a-ef14-421a-a00c-a754000de966' and litigant_name='北京家捷送电子商务有限公司';",http://192.168.31.22:3333/api/law/judgedoc/detail/html?docId=6fd7f12a-ef14-421a-a00c-a754000de966&trailDate=2017-04-11
56e5ea99-1572-43e8-8818-a76000e4e98f,2017.2.27 0:00, 重庆农村商业银行股份有限公司酉阳支行, , , E, 页面为空没有相关数据仅只显示的字样为人民法院认为不宜在互联网公布的其他情形,http://192.168.31.22:3333/api/law/judgedoc/detail/html?docId=56e5ea99-1572-43e8-8818-a76000e4e98f&trailDate=2017-02-27
4a79721f-41fa-4969-aea2-a74c00ffcebc,2017.3.24 0:00, 重庆强博建筑劳务有限公司, , , E, 页面为空没有相关数据仅只显示的字样为以调解方式结案,http://192.168.31.22:3333/api/law/judgedoc/detail/html?docId=4a79721f-41fa-4969-aea2-a74c00ffcebc&trailDate=2017-03-24
4a79721f-41fa-4969-aea2-a74c00ffcebc,2017.3.24 0:00, 中太建设集团股份有限公司, , , E, 页面为空没有相关数据仅只显示的字样为以调解方式结案,http://192.168.31.22:3333/api/law/judgedoc/detail/html?docId=4a79721f-41fa-4969-aea2-a74c00ffcebc&trailDate=2017-03-24
3d98e41a-9e9f-4349-8027-a7f900879803,2017.4.5 0:00, 安徽旌德宏聪金属制造科技有限公司, , , E, 页面为空没有相关数据仅只显示的字样为以调解方式结案,http://192.168.31.22:3333/api/law/judgedoc/detail/html?docId=3d98e41a-9e9f-4349-8027-a7f900879803&trailDate=2017-04-05
3d98e41a-9e9f-4349-8027-a7f900879803,2017.4.5 0:00, 黄山市锐新金属装饰有限公司, , , E, 页面为空没有相关数据仅只显示的字样为以调解方式结案,http://192.168.31.22:3333/api/law/judgedoc/detail/html?docId=3d98e41a-9e9f-4349-8027-a7f900879803&trailDate=2017-04-05
36689c4e-169b-4e1a-b308-a8280162e0cf,2017.5.27 0:00, 西安曼联德高物业管理临汾分公司, , 劳动争议, E, 页面显示错误TypeError:',http://192.168.31.22:3333/api/law/judgedoc/detail/html?docId=36689c4e-169b-4e1a-b308-a8280162e0cf&trailDate=2017-05-27
e0539e44-c42c-469d-8f09-a83900aa965f,2017.10.25 0:00, 中国人民财产保险股份有限公司淮北市分公司, , , E, 页面为空没有相关数据仅只显示的字样为以调解方式结案,http://192.168.31.22:3333/api/law/judgedoc/detail/html?docId=e0539e44-c42c-469d-8f09-a83900aa965f&trailDate=2017-10-25
8d2d5074-3301-4d10-9f4a-a7b4010e4072,2017.6.28 0:00, 酉阳县金鑫化工有限责任公司, , , E, 页面为空没有相关数据仅只显示的字样为以调解方式结案,http://192.168.31.22:3333/api/law/judgedoc/detail/html?docId=8d2d5074-3301-4d10-9f4a-a7b4010e4072&trailDate=2017-06-28
96d61c0a-73e1-4a08-a6e7-4e9e9f94146c,2017.6.15 0:00, 辽宁省有色地质局一Ｏ三队, 被告, 追索劳动报酬纠纷, S, "update judgedoc_litigant set litigant_type = '被告' litigant_type_alias = '2' where doc_id = '96d61c0a-73e1-4a08-a6e7-4e9e9f94146c' and litigant_name='辽宁省有色地质局一Ｏ三队';",http://192.168.31.22:3333/api/law/judgedoc/detail/html?docId=96d61c0a-73e1-4a08-a6e7-4e9e9f94146c&trailDate=2017-06-15
23419088-f25a-463b-8158-a79f00a57b7e,2017.6.7 0:00, 桦甸市惠邦木业有限责任公司, , , E, 页面为空没有相关数据仅只显示的字样为以调解方式结案,http://192.168.31.22:3333/api/law/judgedoc/detail/html?docId=23419088-f25a-463b-8158-a79f00a57b7e&trailDate=2017-06-07
f9ae3680-3dcd-4c2f-ae27-a79f017f312e,2017.3.17 0:00, 渤海财产保险股份有限公司, , , E, 页面为空没有相关数据仅只显示的字样为以调解方式结案,http://192.168.31.22:3333/api/law/judgedoc/detail/html?docId=f9ae3680-3dcd-4c2f-ae27-a79f017f312e&trailDate=2017-03-17
5f5a9eee-5604-42ca-a8e7-a79e011add54,2017.5.27 0:00, 刘珊尹海涛, , , E, 页面为空没有相关数据仅只显示的字样为离婚诉讼或者涉及未成年子女抚养、监护的,http://192.168.31.22:3333/api/law/judgedoc/detail/html?docId=5f5a9eee-5604-42ca-a8e7-a79e011add54&trailDate=2017-05-27
84eec1ae-e8f7-4088-82ce-a7a5012a8238,2017.6.12 0:00, 徐家（加）军, 原告, , S, "update judgedoc_litigant set litigant_type = '原告' litigant_type_alias = '1' where doc_id = '84eec1ae-e8f7-4088-82ce-a7a5012a8238' and litigant_name='徐家（加）军';",http://192.168.31.22:3333/api/law/judgedoc/detail/html?docId=84eec1ae-e8f7-4088-82ce-a7a5012a8238&trailDate=2017-06-12
e7cfd3ee-c865-4b51-89de-a74e00a2bd2a,2017.3.14 0:00, 重庆市赐福实业有限公司, , , E, 页面为空没有相关数据仅只显示的字样为以调解方式结案,http://192.168.31.22:3333/api/law/judgedoc/detail/html?docId=e7cfd3ee-c865-4b51-89de-a74e00a2bd2a&trailDate=2017-03-14
d85eddea-70b9-4427-8072-a7cf00c948f4,2017.5.12 0:00, 鼎德物业（天津）有限公司, , , E, 页面为空没有相关数据仅只显示的字样为以调解方式结案,http://192.168.31.22:3333/api/law/judgedoc/detail/html?docId=d85eddea-70b9-4427-8072-a7cf00c948f4&trailDate=2017-05-12
7d955e42-0759-4f35-a0fb-a7ad00b1b748,2017.6.2 0:00, 重庆欧博房地产开发有限公司, , , E, 页面为空没有相关数据仅只显示的字样为以调解方式结案,http://192.168.31.22:3333/api/law/judgedoc/detail/html?docId=7d955e42-0759-4f35-a0fb-a7ad00b1b748&trailDate=2017-06-02
b1928022-7156-4ac7-b2d2-a7d2009bf389,2017.5.23 0:00, 中国人民财产保险股份有限公司象山支公司, , , E, 页面为空没有相关数据仅只显示的字样为以调解方式结案,http://192.168.31.22:3333/api/law/judgedoc/detail/html?docId=b1928022-7156-4ac7-b2d2-a7d2009bf389&trailDate=2017-05-23
63add1b0-8dca-4ec5-a13b-a7d100c6046e,2017.7.20 0:00, 西安雅荷紫金御房地产开发有限公司, , , E, 页面为空没有相关数据仅只显示的字样为以调解方式结案,http://192.168.31.22:3333/api/law/judgedoc/detail/html?docId=63add1b0-8dca-4ec5-a13b-a7d100c6046e&trailDate=2017-07-20
63add1b0-8dca-4ec5-a13b-a7d100c6046e,2017.7.20 0:00, 西安分公司, , , E, 页面为空没有相关数据仅只显示的字样为以调解方式结案,http://192.168.31.22:3333/api/law/judgedoc/detail/html?docId=63add1b0-8dca-4ec5-a13b-a7d100c6046e&trailDate=2017-07-20
63add1b0-8dca-4ec5-a13b-a7d100c6046e,2017.7.20 0:00, 汕头市达濠建筑总公司, , , E, 页面为空没有相关数据仅只显示的字样为以调解方式结案,http://192.168.31.22:3333/api/law/judgedoc/detail/html?docId=63add1b0-8dca-4ec5-a13b-a7d100c6046e&trailDate=2017-07-20
656d56d6-fd93-466c-82b5-a74600962310,2017.2.17 0:00, 宁国市华骏行汽车销售有限公司, , , E, 页面为空没有相关数据仅只显示的字样为以调解方式结案,http://192.168.31.22:3333/api/law/judgedoc/detail/html?docId=656d56d6-fd93-466c-82b5-a74600962310&trailDate=2017-02-17
5375f60d-3b86-4076-af6b-a849015498cd,2017.10.10 0:00, 安徽迈吉尔模具有限公司, , , E, 页面为空没有相关数据仅只显示的字样为以调解方式结案,http://192.168.31.22:3333/api/law/judgedoc/detail/html?docId=5375f60d-3b86-4076-af6b-a849015498cd&trailDate=2017-10-10
5375f60d-3b86-4076-af6b-a849015498cd,2017.10.10 0:00, 宁国融鑫小额贷款有限公司, , , E, 页面为空没有相关数据仅只显示的字样为以调解方式结案,http://192.168.31.22:3333/api/law/judgedoc/detail/html?docId=5375f60d-3b86-4076-af6b-a849015498cd&trailDate=2017-10-10
0f57d2ae-f53a-40ab-9cc5-a7a0012c9a26,2017.5.9 0:00, 淮南市宜家装饰工程有限公司, , , E, 页面为空没有相关数据仅只显示的字样为以调解方式结案,http://192.168.31.22:3333/api/law/judgedoc/detail/html?docId=0f57d2ae-f53a-40ab-9cc5-a7a0012c9a26&trailDate=2017-05-09
cdb1a417-a986-4afc-9ef7-a82c00664d62,2017.10.10 0:00, 青海西北房地产开发建设有限公司, , 商品房预售合同纠纷, E, 页面为空没有相关数据仅只显示的字样为人民法院认为不宜在互联网公布的其他情形,http://192.168.31.22:3333/api/law/judgedoc/detail/html?docId=cdb1a417-a986-4afc-9ef7-a82c00664d62&trailDate=2017-10-10
05554474-cf98-48fc-af08-a7a300fcf24b,2017.6.29 0:00, 鲁联资产管理（上海）有限公司, 被告, , S, "update judgedoc_litigant set litigant_type = '被告' litigant_type_alias = '2' where doc_id = '05554474-cf98-48fc-af08-a7a300fcf24b' and litigant_name='鲁联资产管理（上海）有限公司';",http://192.168.31.22:3333/api/law/judgedoc/detail/html?docId=05554474-cf98-48fc-af08-a7a300fcf24b&trailDate=2017-06-29
6767aabc-1785-4495-ae13-a7d0009e69d1,2017.7.20 0:00, 深圳市天海物业管理有限公司, , , E, 页面为空没有相关数据仅只显示的字样为人民法院认为不宜在互联网公布的其他情形,http://192.168.31.22:3333/api/law/judgedoc/detail/html?docId=6767aabc-1785-4495-ae13-a7d0009e69d1&trailDate=2017-07-20
07c85607-95cf-4965-a131-a7b300fe9c8a,2017.6.5 0:00, 曹ＸＸＸ, 被告, 买卖合同纠纷, S, "update judgedoc_litigant set litigant_type = '被告' litigant_type_alias = '2' where doc_id = '07c85607-95cf-4965-a131-a7b300fe9c8a' and litigant_name='曹ＸＸＸ';",http://192.168.31.22:3333/api/law/judgedoc/detail/html?docId=07c85607-95cf-4965-a131-a7b300fe9c8a&trailDate=2017-06-05
3332eb9b-4822-417c-adc2-a7f2000ccc5a,2017.2.22 0:00, 中国平安财产保险股份有限公司嘉兴中心支公司, , , E, 页面为空没有相关数据仅只显示的字样为人民法院认为不宜在互联网公布的其他情形,http://192.168.31.22:3333/api/law/judgedoc/detail/html?docId=3332eb9b-4822-417c-adc2-a7f2000ccc5a&trailDate=2017-02-22
47919f32-71f7-406f-b1c6-a8530074b815,2017.4.28 0:00, 海拉尔燃料有限责任公司, , , E, 页面为空没有相关数据仅只显示的字样为以调解方式结案,http://192.168.31.22:3333/api/law/judgedoc/detail/html?docId=47919f32-71f7-406f-b1c6-a8530074b815&trailDate=2017-04-28
47919f32-71f7-406f-b1c6-a8530074b815,2017.4.28 0:00, 呼伦贝尔市中夏小额贷款有限公司, , , E, 页面为空没有相关数据仅只显示的字样为以调解方式结案,http://192.168.31.22:3333/api/law/judgedoc/detail/html?docId=47919f32-71f7-406f-b1c6-a8530074b815&trailDate=2017-04-28
f7144bfc-5e8f-4082-8f74-a7bb010bd8ea,2017.1.4 0:00, 株洲金巢实业发展有限公司, , , E, 页面为空没有相关数据仅只显示的字样为以调解方式结案,http://192.168.31.22:3333/api/law/judgedoc/detail/html?docId=f7144bfc-5e8f-4082-8f74-a7bb010bd8ea&trailDate=2017-01-04
9b6c7f10-9d0d-4d0f-8595-a7a20090a312,2017.4.14 0:00, 四川晨明地产投资有限公司, , , E, 页面为空' 'http://192.168.31.22:3333/api/law/judgedoc/detail/html?docId=9b6c7f10-9d0d-4d0f-8595-a7a20090a312&trailDate=2017-04-14'],http://192.168.31.22:3333/api/law/judgedoc/detail/html?docId=9b6c7f10-9d0d-4d0f-8595-a7a20090a312&trailDate=2017-04-14
758dbfb3-7648-45a9-a7d1-a7a6011288a5,2017.5.17 0:00, 执行案外人）, , 执行异议之诉, E, 页面中没有litigant_nam需求的相关数据' 'http://192.168.31.22:3333/api/law/judgedoc/detail/html?docId=758dbfb3-7648-45a9-a7d1-a7a6011288a5&trailDate=2017-05-17'],http://192.168.31.22:3333/api/law/judgedoc/detail/html?docId=758dbfb3-7648-45a9-a7d1-a7a6011288a5&trailDate=2017-05-17
48208686-6a8b-4c22-ad69-a85e00e9053a,2017.11.12 0:00, 开封市天杰文化传媒有限公司, 被告, , S, "update judgedoc_litigant set litigant_type = '被告' litigant_type_alias = '2' where doc_id = '48208686-6a8b-4c22-ad69-a85e00e9053a' and litigant_name='开封市天杰文化传媒有限公司';",http://192.168.31.22:3333/api/law/judgedoc/detail/html?docId=48208686-6a8b-4c22-ad69-a85e00e9053a&trailDate=2017-11-12
76cb83b4-8408-4310-932a-a78a00b2fc85,2017.5.23 0:00, 重庆泰清投资管理有限公司, , , E, 页面为空没有相关数据仅只显示的字样为以调解方式结案,http://192.168.31.22:3333/api/law/judgedoc/detail/html?docId=76cb83b4-8408-4310-932a-a78a00b2fc85&trailDate=2017-05-23
76cb83b4-8408-4310-932a-a78a00b2fc85,2017.5.23 0:00, 重庆广建装饰股份有限公司, , , E, 页面为空没有相关数据仅只显示的字样为以调解方式结案,http://192.168.31.22:3333/api/law/judgedoc/detail/html?docId=76cb83b4-8408-4310-932a-a78a00b2fc85&trailDate=2017-05-23
76cb83b4-8408-4310-932a-a78a00b2fc85,2017.5.23 0:00, 深圳城市建筑装饰工程有限公司, , , E, 页面为空没有相关数据仅只显示的字样为以调解方式结案,http://192.168.31.22:3333/api/law/judgedoc/detail/html?docId=76cb83b4-8408-4310-932a-a78a00b2fc85&trailDate=2017-05-23
ff21b7a7-742f-45f6-838e-a7a200abddc2,2017.2.20 0:00, 自贡市皓源实业有限公司, , , E, 页面为空没有相关数据仅只显示的字样为确认人民调解协议效力的,http://192.168.31.22:3333/api/law/judgedoc/detail/html?docId=ff21b7a7-742f-45f6-838e-a7a200abddc2&trailDate=2017-02-20
3179c42d-0ad4-4ebb-9a1e-a81000ad5e6c,2017.9.18 0:00, 湖南道县农村商业银行股份有限公司, , , E, 页面显示错误TypeError:',http://192.168.31.22:3333/api/law/judgedoc/detail/html?docId=3179c42d-0ad4-4ebb-9a1e-a81000ad5e6c&trailDate=2017-09-18
d5570f53-9905-4bb4-8833-a7f2000a2601,2017.6.7 0:00, 浙江省嵊州市长运集团有限公司, , , E, 页面为空没有相关数据仅只显示的字样为确认人民调解协议效力的,http://192.168.31.22:3333/api/law/judgedoc/detail/html?docId=d5570f53-9905-4bb4-8833-a7f2000a2601&trailDate=2017-06-07
a674f12c-b2ea-4026-8bdc-a7e801251136,2017.8.1 0:00, 资兴市人力资源和社会保障局, , , E, 页面为空没有相关数据仅只显示的字样为未生效',http://192.168.31.22:3333/api/law/judgedoc/detail/html?docId=a674f12c-b2ea-4026-8bdc-a7e801251136&trailDate=2017-08-01
a674f12c-b2ea-4026-8bdc-a7e801251136,2017.8.1 0:00, 资兴鑫磊电子有限公司, , , E, 页面为空没有相关数据仅只显示的字样为未生效',http://192.168.31.22:3333/api/law/judgedoc/detail/html?docId=a674f12c-b2ea-4026-8bdc-a7e801251136&trailDate=2017-08-01
adbec6ff-5ae6-4701-a6d1-a77d00f0871e,2017.5.18 0:00, 双鸭山市环境卫生管理处, , , E, 页面为空没有相关数据仅只显示的字样为确认人民调解协议效力的,http://192.168.31.22:3333/api/law/judgedoc/detail/html?docId=adbec6ff-5ae6-4701-a6d1-a77d00f0871e&trailDate=2017-05-18
75e51b36-1c7e-414a-9062-a7f2000cb42a,2017.5.27 0:00, 杭州吖么么农业科技有限公司, , , E, 页面为空没有相关数据仅只显示的字样为涉及国家秘密的,http://192.168.31.22:3333/api/law/judgedoc/detail/html?docId=75e51b36-1c7e-414a-9062-a7f2000cb42a&trailDate=2017-05-27
5dc30ac9-d4eb-4985-a376-a7c8011a93d1,2017.6.26 0:00, 漯河市源汇区农村信用合作联社,  原告, , S, "update judgedoc_litigant set litigant_type = ' 原告' litigant_type_alias = '2' where doc_id = '5dc30ac9-d4eb-4985-a376-a7c8011a93d1' and litigant_name='漯河市源汇区农村信用合作联社';",http://192.168.31.22:3333/api/law/judgedoc/detail/html?docId=5dc30ac9-d4eb-4985-a376-a7c8011a93d1&trailDate=2017-06-26
3495821e-d737-4bfb-a5a7-a7c100c998f6,2017.2.14 0:00, 伊犁文华农机销售有限公司, , , E, 页面为空没有相关数据仅只显示的字样为以调解方式结案,http://192.168.31.22:3333/api/law/judgedoc/detail/html?docId=3495821e-d737-4bfb-a5a7-a7c100c998f6&trailDate=2017-02-14
40bf3b62-4623-4e10-bb54-a8170105adb3,2017.9.5 0:00, 池州市清风街道明月物业管理服务有限公司, , , E, 页面为空没有相关数据仅只显示的字样为以调解方式结案,http://192.168.31.22:3333/api/law/judgedoc/detail/html?docId=40bf3b62-4623-4e10-bb54-a8170105adb3&trailDate=2017-09-05
48f01418-76f9-4d65-a276-a82600e57103,2017.10.9 0:00, 乌兰县博阳盐化科技开发有限责任公司, , 劳务合同纠纷, E, 页面为空没有相关数据仅只显示的字样为以调解方式结案,http://192.168.31.22:3333/api/law/judgedoc/detail/html?docId=48f01418-76f9-4d65-a276-a82600e57103&trailDate=2017-10-09
e3ad1de2-42f3-4bec-a4e5-a7e800975c58,2017.8.30 0:00, 长沙市望城区至诚小额贷款有限公司, , , E, 页面为空没有相关数据仅只显示的字样为以调解方式结案,http://192.168.31.22:3333/api/law/judgedoc/detail/html?docId=e3ad1de2-42f3-4bec-a4e5-a7e800975c58&trailDate=2017-08-30
91e74576-0556-491a-8627-a71d011fecee,2017.2.16 0:00, 攀枝花中禾矿业有限公司, , , E, 页面为空没有相关数据仅只显示的字样为确认人民调解协议效力的,http://192.168.31.22:3333/api/law/judgedoc/detail/html?docId=91e74576-0556-491a-8627-a71d011fecee&trailDate=2017-02-16
91e74576-0556-491a-8627-a71d011fecee,2017.2.16 0:00, 中国十九冶集团有限公司工业炉窑工程分公司, , , E, 页面为空没有相关数据仅只显示的字样为确认人民调解协议效力的,http://192.168.31.22:3333/api/law/judgedoc/detail/html?docId=91e74576-0556-491a-8627-a71d011fecee&trailDate=2017-02-16
521e9113-8f35-4365-b1eb-a7f2000a4e7e,2017.8.24 0:00, 中国人民财产保险股份有限公司咸阳市渭城支公司, , , E, 页面为空没有相关数据仅只显示的字样为以调解方式结案,http://192.168.31.22:3333/api/law/judgedoc/detail/html?docId=521e9113-8f35-4365-b1eb-a7f2000a4e7e&trailDate=2017-08-24
c63c50c8-b038-4943-aa9e-a7e800be83aa,2017.4.17 0:00, 中国人寿财产保险股份有限公司普洱市中心支公司, , , E, 页面为空没有相关数据仅只显示的字样为人民法院认为不宜在互联网公布的其他情形,http://192.168.31.22:3333/api/law/judgedoc/detail/html?docId=c63c50c8-b038-4943-aa9e-a7e800be83aa&trailDate=2017-04-17
29a75616-44cd-427a-b835-a7c10167dc33,2017.7.31 0:00, 孟津县公安交通警察大队, , , E, '查看litigant_nam为“执法公告”与需求不符',http://192.168.31.22:3333/api/law/judgedoc/detail/html?docId=29a75616-44cd-427a-b835-a7c10167dc33&trailDate=2017-07-31
2d43a7f2-5c60-49e9-8b8d-a77f00865f7f,2017.5.2 0:00, 永州农村商业银行股份有限公司, , , E, 页面为空没有相关数据仅只显示的字样为以调解方式结案,http://192.168.31.22:3333/api/law/judgedoc/detail/html?docId=2d43a7f2-5c60-49e9-8b8d-a77f00865f7f&trailDate=2017-05-02
8c7cd317-0a04-4505-934f-a7f20008a215,2017.2.27 0:00, 淳安县人民法院, , , E, 页面为空没有相关数据仅只显示的字样为以调解方式结案,http://192.168.31.22:3333/api/law/judgedoc/detail/html?docId=8c7cd317-0a04-4505-934f-a7f20008a215&trailDate=2017-02-27
8c7cd317-0a04-4505-934f-a7f20008a215,2017.2.27 0:00, 杭州豪帆木业有限公司, , , E, 页面为空没有相关数据仅只显示的字样为以调解方式结案,http://192.168.31.22:3333/api/law/judgedoc/detail/html?docId=8c7cd317-0a04-4505-934f-a7f20008a215&trailDate=2017-02-27
b080a128-458a-482d-8096-a7f20009b364,2017.6.14 0:00, 杭州昆鸿电力科技有限公司, , , E, 页面为空没有相关数据仅只显示的字样为以调解方式结案,http://192.168.31.22:3333/api/law/judgedoc/detail/html?docId=b080a128-458a-482d-8096-a7f20009b364&trailDate=2017-06-14
e10d2521-3b80-477a-84e9-a85000985b4a,2017.6.23 0:00, 厦门市桥艺房产代理有限公司, , , E, 页面为空没有相关数据仅只显示的字样为以调解方式结案,http://192.168.31.22:3333/api/law/judgedoc/detail/html?docId=e10d2521-3b80-477a-84e9-a85000985b4a&trailDate=2017-06-23
f4004369-5109-49fb-a160-a84c00321dd9,2017.10.16 0:00, 广西驰程运输有限责任公司, , , E, 页面为空没有相关数据仅只显示的字样为以调解方式结案,http://192.168.31.22:3333/api/law/judgedoc/detail/html?docId=f4004369-5109-49fb-a160-a84c00321dd9&trailDate=2017-10-16
f4004369-5109-49fb-a160-a84c00321dd9,2017.10.16 0:00, 广西驰程汽车运输集团有限责任公司, , , E, 页面为空没有相关数据仅只显示的字样为以调解方式结案,http://192.168.31.22:3333/api/law/judgedoc/detail/html?docId=f4004369-5109-49fb-a160-a84c00321dd9&trailDate=2017-10-16
f4004369-5109-49fb-a160-a84c00321dd9,2017.10.16 0:00, 广东顺德汽车运输集团有限公司, , , E, 页面为空没有相关数据仅只显示的字样为以调解方式结案,http://192.168.31.22:3333/api/law/judgedoc/detail/html?docId=f4004369-5109-49fb-a160-a84c00321dd9&trailDate=2017-10-16
a13765ad-3779-4b28-a224-a82701219a85,2017.9.15 0:00, 中国民生银行股份有限公司郑州分行, 原告, , S, "update judgedoc_litigant set litigant_type = '原告' litigant_type_alias = '1' where doc_id = 'a13765ad-3779-4b28-a224-a82701219a85' and litigant_name='中国民生银行股份有限公司郑州分行';",http://192.168.31.22:3333/api/law/judgedoc/detail/html?docId=a13765ad-3779-4b28-a224-a82701219a85&trailDate=2017-09-15
6d97335c-85b8-485e-9f3d-a80700d5cdfe,2017.2.14 0:00, 中国邮政储蓄银行股份有限公司济源市直属支行, 原告, , S, "update judgedoc_litigant set litigant_type = '原告' litigant_type_alias = '1' where doc_id = '6d97335c-85b8-485e-9f3d-a80700d5cdfe' and litigant_name='中国邮政储蓄银行股份有限公司济源市直属支行';",http://192.168.31.22:3333/api/law/judgedoc/detail/html?docId=6d97335c-85b8-485e-9f3d-a80700d5cdfe&trailDate=2017-02-14
6317646c-16f2-4338-aaf4-a80f011ee1ba,2017.8.1 0:00, 杭州华旅客运有限公司, , , E, 页面为空没有相关数据仅只显示的字样为以调解方式结案,http://192.168.31.22:3333/api/law/judgedoc/detail/html?docId=6317646c-16f2-4338-aaf4-a80f011ee1ba&trailDate=2017-08-01
a6906f23-ef2b-41ae-a1f9-a82a00c682c4,2017.8.28 0:00, 国元农业保险股份有限公司黄山区支公司, , , E, 页面为空没有相关数据仅只显示的字样为以调解方式结案,http://192.168.31.22:3333/api/law/judgedoc/detail/html?docId=a6906f23-ef2b-41ae-a1f9-a82a00c682c4&trailDate=2017-08-28
61be35d3-1578-4086-b4e8-a82b00cc7172,2017.10.18 0:00, 青海盐湖海纳化工有限公司, , , E, 页面为空没有相关数据仅只显示的字样为以调解方式结案,http://192.168.31.22:3333/api/law/judgedoc/detail/html?docId=61be35d3-1578-4086-b4e8-a82b00cc7172&trailDate=2017-10-18
61be35d3-1578-4086-b4e8-a82b00cc7172,2017.10.18 0:00, 北京天下万通科技有限公司, , , E, 页面为空没有相关数据仅只显示的字样为以调解方式结案,http://192.168.31.22:3333/api/law/judgedoc/detail/html?docId=61be35d3-1578-4086-b4e8-a82b00cc7172&trailDate=2017-10-18
84d80cee-a36d-4ee8-a9c9-a84601110c29,2017.4.25 0:00, 绵阳城区阳光妇幼用品经营部, , , E, 页面为空没有相关数据仅只显示的字样为确认人民调解协议效力的,http://192.168.31.22:3333/api/law/judgedoc/detail/html?docId=84d80cee-a36d-4ee8-a9c9-a84601110c29&trailDate=2017-04-25
d2ef236f-3c02-4fad-a14a-a84800bf83c9,2017.3.15 0:00, 镇雄县农村信用合作联社, , , E, 页面为空没有相关数据仅只显示的字样为以调解方式结案,http://192.168.31.22:3333/api/law/judgedoc/detail/html?docId=d2ef236f-3c02-4fad-a14a-a84800bf83c9&trailDate=2017-03-15
a6ecdf61-6491-4d0d-8371-a84700f8bcb8,2017.8.7 0:00, 陕西高翔置业有限公司, 被告, 建设工程合同纠纷, S, "update judgedoc_litigant set litigant_type = '被告' litigant_type_alias = '2' where doc_id = 'a6ecdf61-6491-4d0d-8371-a84700f8bcb8' and litigant_name='陕西高翔置业有限公司';",http://192.168.31.22:3333/api/law/judgedoc/detail/html?docId=a6ecdf61-6491-4d0d-8371-a84700f8bcb8&trailDate=2017-08-07
a85e0175-53f2-491e-8c44-a846016c34ee,2017.11.2 0:00, 中信银行股份有限公司沈阳分行, , , E, 页面为空没有相关数据仅只显示的字样为以调解方式结案,http://192.168.31.22:3333/api/law/judgedoc/detail/html?docId=a85e0175-53f2-491e-8c44-a846016c34ee&trailDate=2017-11-02
956cfa30-481a-4730-9494-a83b0154a735,2017.11.9 0:00, 交通银行股份有限公司淮南分行, 原告, , S, "update judgedoc_litigant set litigant_type = '原告' litigant_type_alias = '1' where doc_id = '956cfa30-481a-4730-9494-a83b0154a735' and litigant_name='交通银行股份有限公司淮南分行';",http://192.168.31.22:3333/api/law/judgedoc/detail/html?docId=956cfa30-481a-4730-9494-a83b0154a735&trailDate=2017-11-09
8c92db6e-b6ec-4b20-b06c-a84f013fe77a,2017.7.11 0:00, 农行保康支行, 原告, , S, "update judgedoc_litigant set litigant_type = '原告' litigant_type_alias = '1' where doc_id = '8c92db6e-b6ec-4b20-b06c-a84f013fe77a' and litigant_name='农行保康支行';",http://192.168.31.22:3333/api/law/judgedoc/detail/html?docId=8c92db6e-b6ec-4b20-b06c-a84f013fe77a&trailDate=2017-07-11
39079115-621c-4fe6-94ac-a84700b2a92f,2017.11.14 0:00, 遂昌华瑞木业有限公司, , , E, 页面为空没有相关数据仅只显示的字样为确认人民调解协议效力的,http://192.168.31.22:3333/api/law/judgedoc/detail/html?docId=39079115-621c-4fe6-94ac-a84700b2a92f&trailDate=2017-11-14
6d7b4b07-b4a6-4d20-8b14-a84f012069e6,2017.9.27 0:00, 腾冲市农村信用合作联社, , , E, 页面为空没有相关数据仅只显示的字样为以调解方式结案,http://192.168.31.22:3333/api/law/judgedoc/detail/html?docId=6d7b4b07-b4a6-4d20-8b14-a84f012069e6&trailDate=2017-09-27
4cffebf9-6bf6-426d-a086-a85100f6784d,2017.10.24 0:00, 鹤岗市恒兴煤矿, , , E, 页面为空没有相关数据仅只显示的字样为以调解方式结案,http://192.168.31.22:3333/api/law/judgedoc/detail/html?docId=4cffebf9-6bf6-426d-a086-a85100f6784d&trailDate=2017-10-24
2bdc5621-d122-435c-9261-a8500098bcc8,2017.5.23 0:00, 南安市新都汽车运输有限公司, , , E, 页面为空没有相关数据仅只显示的字样为以调解方式结案,http://192.168.31.22:3333/api/law/judgedoc/detail/html?docId=2bdc5621-d122-435c-9261-a8500098bcc8&trailDate=2017-05-23
1ae8e6b2-21c1-4e8c-b535-a851009d95d5,2017.12.18 0:00, 中国电信股份有限公司信宜分公司, , , E, 页面为空没有相关数据仅只显示的字样为以调解方式结案,http://192.168.31.22:3333/api/law/judgedoc/detail/html?docId=1ae8e6b2-21c1-4e8c-b535-a851009d95d5&trailDate=2017-12-18
0e4a6870-60f7-46b1-b2e1-a850013eb36f,2017.9.29 0:00, 中国音像著作权集体管理协会, , , E, 页面为空没有相关数据仅只显示的字样为人民法院认为不宜在互联网公布的其他情形,http://192.168.31.22:3333/api/law/judgedoc/detail/html?docId=0e4a6870-60f7-46b1-b2e1-a850013eb36f&trailDate=2017-09-29
5fecb8bb-e363-4e88-9f0e-a8510094eb45,2017.7.10 0:00, 明发集团（漳州）房地产开发有限公司, , , E, 页面为空没有相关数据仅只显示的字样为以调解方式结案,http://192.168.31.22:3333/api/law/judgedoc/detail/html?docId=5fecb8bb-e363-4e88-9f0e-a8510094eb45&trailDate=2017-07-10
fb1520f9-7114-486e-bc24-a8520154a542,2017.11.2 0:00, 厦门市厦煌物业服务有限公司黄山分公司, , , E, 页面为空没有相关数据仅只显示的字样为以调解方式结案,http://192.168.31.22:3333/api/law/judgedoc/detail/html?docId=fb1520f9-7114-486e-bc24-a8520154a542&trailDate=2017-11-02
c7d8b2ba-8053-4402-9b50-a85600afa371,2017.7.28 0:00, 成都市人力资源和社会保障局, 被告, 劳动和社会保障行政管理(劳动、社会保障), S, "update judgedoc_litigant set litigant_type = '被告' litigant_type_alias = '2' where doc_id = 'c7d8b2ba-8053-4402-9b50-a85600afa371' and litigant_name='成都市人力资源和社会保障局';",http://192.168.31.22:3333/api/law/judgedoc/detail/html?docId=c7d8b2ba-8053-4402-9b50-a85600afa371&trailDate=2017-07-28
c7d8b2ba-8053-4402-9b50-a85600afa371,2017.7.28 0:00, 华建利安建设集团有限公司, 原告, 劳动和社会保障行政管理(劳动、社会保障), S, "update judgedoc_litigant set litigant_type = '原告' litigant_type_alias = '1' where doc_id = 'c7d8b2ba-8053-4402-9b50-a85600afa371' and litigant_name='华建利安建设集团有限公司';",http://192.168.31.22:3333/api/law/judgedoc/detail/html?docId=c7d8b2ba-8053-4402-9b50-a85600afa371&trailDate=2017-07-28
4e307582-9e3f-49df-8855-a85600c3db64,2017.12.21 0:00, 朔州市玉都购物中心有限公司, , , E, 页面为空没有相关数据仅只显示的字样为人民法院认为不宜在互联网公布的其他情形,http://192.168.31.22:3333/api/law/judgedoc/detail/html?docId=4e307582-9e3f-49df-8855-a85600c3db64&trailDate=2017-12-21
4e307582-9e3f-49df-8855-a85600c3db64,2017.12.21 0:00, 中国长城资产管理股份有限公司山西省分公司, , , E, 页面为空没有相关数据仅只显示的字样为人民法院认为不宜在互联网公布的其他情形,http://192.168.31.22:3333/api/law/judgedoc/detail/html?docId=4e307582-9e3f-49df-8855-a85600c3db64&trailDate=2017-12-21
8a8617b1-1404-4832-aab2-a85600beb25e,2017.12.6 0:00, 哈尔滨太平湖温泉旅游度假有限公司, , , E, 页面为空没有相关数据仅只显示的字样为人民法院认为不宜在互联网公布的其他情形,http://192.168.31.22:3333/api/law/judgedoc/detail/html?docId=8a8617b1-1404-4832-aab2-a85600beb25e&trailDate=2017-12-06
1a9e3387-821b-44ab-8f96-a85600fc82ce,2017.5.19 0:00, 浙江九合环境股份有限公司, 被告, , S, "update judgedoc_litigant set litigant_type = '被告' litigant_type_alias = '2' where doc_id = '1a9e3387-821b-44ab-8f96-a85600fc82ce' and litigant_name='浙江九合环境股份有限公司';",http://192.168.31.22:3333/api/law/judgedoc/detail/html?docId=1a9e3387-821b-44ab-8f96-a85600fc82ce&trailDate=2017-05-19
7c62590f-160b-4cc6-ad25-a85601689a51,2017.9.19 0:00, 恒大音乐有限公司武汉市硚口区欢乐迪音乐城, , , E, 页面为空没有相关数据仅只显示的字样为以调解方式结案,http://192.168.31.22:3333/api/law/judgedoc/detail/html?docId=7c62590f-160b-4cc6-ad25-a85601689a51&trailDate=2017-09-19
3d889538-19b3-40d0-82cb-a856004c8610,2017.8.21 0:00, 中国邮政储蓄银行股份有限公司双流县支行, , , E, 页面为空没有相关数据仅只显示的字样为人民法院认为不宜在互联网公布的其他情形,http://192.168.31.22:3333/api/law/judgedoc/detail/html?docId=3d889538-19b3-40d0-82cb-a856004c8610&trailDate=2017-08-21
fd92af91-6173-49c9-a1e0-a85700cae15e,2017.12.27 0:00, 中国联合网络通信有限公司汕头市分公司, , , E, 页面为空没有相关数据仅只显示的字样为人民法院认为不宜在互联网公布的其他情形,http://192.168.31.22:3333/api/law/judgedoc/detail/html?docId=fd92af91-6173-49c9-a1e0-a85700cae15e&trailDate=2017-12-27
e58f315c-6e32-45cc-b143-a85700d31292,2017.11.30 0:00, 天虹商场股份有限公司沙井天虹商场天虹商场股份有限公司, 被告, , S, "update judgedoc_litigant set litigant_type = '被告' litigant_type_alias = '2' where doc_id = 'e58f315c-6e32-45cc-b143-a85700d31292' and litigant_name='天虹商场股份有限公司沙井天虹商场天虹商场股份有限公司';",http://192.168.31.22:3333/api/law/judgedoc/detail/html?docId=e58f315c-6e32-45cc-b143-a85700d31292&trailDate=2017-11-30
522318af-eb8b-4ea2-ae7b-a7f500bfee67,2017.5.27 0:00, ＳＭＣ株式会社, 原告, 侵害商标权纠纷, S, "update judgedoc_litigant set litigant_type = '原告' litigant_type_alias = '1' where doc_id = '522318af-eb8b-4ea2-ae7b-a7f500bfee67' and litigant_name='ＳＭＣ株式会社';",http://192.168.31.22:3333/api/law/judgedoc/detail/html?docId=522318af-eb8b-4ea2-ae7b-a7f500bfee67&trailDate=2017-05-27
c4f3b7f5-9fe2-42a9-a591-a857010bc2c3,2017.12.7 0:00, 华安财产保险股份有限公司四川分公司, , , E, 页面为空没有相关数据仅只显示的字样为以调解方式结案,http://192.168.31.22:3333/api/law/judgedoc/detail/html?docId=c4f3b7f5-9fe2-42a9-a591-a857010bc2c3&trailDate=2017-12-07
f04167cf-236c-437a-9adf-a858009cfbb9,2017.12.5 0:00, 广州禹力管道设备有限公司, , , E, 页面为空没有相关数据仅只显示的字样为以调解方式结案,http://192.168.31.22:3333/api/law/judgedoc/detail/html?docId=f04167cf-236c-437a-9adf-a858009cfbb9&trailDate=2017-12-05
f04167cf-236c-437a-9adf-a858009cfbb9,2017.12.5 0:00, 福建亚通新材料科技股份有限公司, , , E, 页面为空没有相关数据仅只显示的字样为以调解方式结案,http://192.168.31.22:3333/api/law/judgedoc/detail/html?docId=f04167cf-236c-437a-9adf-a858009cfbb9&trailDate=2017-12-05
305c8b2d-b31b-4a65-9e80-a85e00b3edf1,2017.12.27 0:00, 洛阳市集美城家具生活广场有限公司, 被告, , S, "update judgedoc_litigant set litigant_type = '被告' litigant_type_alias = '2' where doc_id = '305c8b2d-b31b-4a65-9e80-a85e00b3edf1' and litigant_name='洛阳市集美城家具生活广场有限公司';",http://192.168.31.22:3333/api/law/judgedoc/detail/html?docId=305c8b2d-b31b-4a65-9e80-a85e00b3edf1&trailDate=2017-12-27
